elevation_mean,elevation_std,slope_mean,slope_std,NDVI_mean,NDVI_std,NDCI_mean,NDCI_std,IronRatio_mean,IronRatio_std,landcover_mode,lat,lon,name,mineral,label
1559.3406598128192,30.39931326234496,7.036814653745283,7.019645571738034,0.0,0.0,0.0,0.0,0.0,0.0,30.000000000000004,42.05,-119.95,Deep Creek,carb,1
1491.4015223042816,35.22324857815164,7.743252731334271,6.519176868505693,0.0,0.0,0.0,0.0,0.0,0.0,59.99999999999999,35.483333333333,-115.53333333333,Mountain Pass,carb,1
987.3489783834551,30.682404917172246,7.356621018127013,6.2233169109948605,0.0,0.0,0.0,0.0,0.0,0.0,20.0,35.116666666667,-114.06666666667,Mineral X,oth-ig-aff,1
337.86776398813186,35.483251576684175,12.677025296354554,7.238033697350958,0.0,0.0,0.0,0.0,0.0,0.0,60.0,34.333333333333,-115.55,Pomona Tile Company,oth-ig-aff,1
538.3742701754946,43.04975087956895,9.862277547808356,6.031054232323964,0.0,0.0,0.0,0.0,0.0,0.0,20.000000000000004,34.533333333333,-113.55,Signal district,oth-ig-aff,1
1581.700555885213,71.29654807902824,11.152085954644333,9.507132415190771,0.0,0.0,0.0,0.0,0.0,0.0,29.99999999999999,44.95,-113.61666666667,Lemhi Pass,met,1
2559.715753105388,86.80820628016735,20.11793491538937,7.449169255167114,0.0,0.0,0.0,0.0,0.0,0.0,10.000000000000004,44.9,-115.26666666667,Monumental Summit,met,1
1019.448256404999,35.352134214730874,7.918341955463342,5.8227713803120595,0.0,0.0,0.0,0.0,0.0,0.0,60.0,34.016666666667,-115.95,Music Valley,met,1
2061.0728544574054,58.6217872593688,11.232205632634995,7.103506333340053,0.0,0.0,0.0,0.0,0.0,0.0,10.0,44.35,-115.4,Bear Valley,placer-al,1
1463.746855858955,11.511326897814378,3.1744970953180953,1.8944731797594292,0.0,0.0,0.0,0.0,0.0,0.0,29.999999999999986,44.466666666667,-115.98333333333,Big Creek,placer-al,1
1507.1545497006027,5.3752829616351185,2.769357231418794,2.415262440275952,0.0,0.0,0.0,0.0,0.0,0.0,30.000000000000004,44.683333333333,-115.96666666667,Gold Fork-Little Valley,placer-al,1
1469.0592746600234,0.5792975936486718,0.06572877818317144,0.5259041268270123,0.0,0.0,0.0,0.0,0.0,0.0,80.0,44.516666666667,-116.08333333333,Pearsol Creek,placer-al,1
2408.401300435862,74.85624723919686,17.77713498460297,7.461826647418565,0.0,0.0,0.0,0.0,0.0,0.0,10.0,42.116666666667,-111.51666666667,Blackfoot Bridge,phos,1
2076.352484345232,43.742797621455395,14.116655305120025,7.0116225106918435,0.0,0.0,0.0,0.0,0.0,0.0,30.000000000000007,42.733333333333,-111.36666666667,Caldwell Canyon,phos,1
2020.2611650420647,28.707636208139274,6.089842589842589,4.774112778961056,0.0,0.0,0.0,0.0,0.0,0.0,29.999999999999975,42.666666666667,-111.26666666667,Champ,phos,1
1905.6731911269353,24.33769315546385,5.650820120238754,4.963255866130704,0.0,0.0,0.0,0.0,0.0,0.0,29.999999999999975,42.733333333333,-111.53333333333,Conda,phos,1
1739.3146530389924,25.328765836103035,6.610320410090424,4.400044382895303,0.0,0.0,0.0,0.0,0.0,0.0,30.00000000000001,43.05,-112.11666666667,Gay and South Forty,phos,1
1991.6006472857803,33.511585118648874,9.471302361271267,5.295060310430196,0.0,0.0,0.0,0.0,0.0,0.0,29.999999999999993,42.883333333333,-111.46666666667,Henry,phos,1
2571.390707753571,88.21523000362069,20.600292326471813,7.4016178283384475,0.0,0.0,0.0,0.0,0.0,0.0,10.0,42.7,-111.25,Husky,phos,1
2209.2048165267556,84.30226760767582,20.057983777172737,6.82595273803301,0.0,0.0,0.0,0.0,0.0,0.0,10.0,42.75,-111.3,Maybe Canyon (Maybie),phos,1
2106.637027258421,56.456732950253155,13.10550308666185,6.426708365317345,0.0,0.0,0.0,0.0,0.0,0.0,10.0,42.65,-111.28333333333,Mountain Fuel,phos,1
1946.4242100617755,48.309839750628385,11.235019659631975,8.952323886629921,0.0,0.0,0.0,0.0,0.0,0.0,30.00000000000002,42.9,-111.5,North Henry,phos,1
2317.599321642828,104.67915467706638,20.73388943394936,7.109912348333017,0.0,0.0,0.0,0.0,0.0,0.0,10.0,42.716666666667,-111.13333333333,Smoky Canyon,phos,1
2375.6674832666563,44.27769469243343,12.684510837130452,5.20372926483884,0.0,0.0,0.0,0.0,0.0,0.0,10.0,42.633333333333,-111.41666666667,Swan Lake Gulch,phos,1
2023.384670130712,60.67635670926586,12.013473117517886,6.532039473038609,0.0,0.0,0.0,0.0,0.0,0.0,29.99999999999999,42.733333333333,-111.41666666667,Trail Creek,phos,1
2187.9019606048632,81.6760407590134,14.151564365497027,6.70306381789996,0.0,0.0,0.0,0.0,0.0,0.0,10.000000000000002,42.833333333333,-111.4,Wooley Valley,phos,1
338.67433502417407,57.43044063957176,12.890642309571971,6.295796482184669,0.0,0.0,0.0,0.0,0.0,0.0,10.000000000000007,38.5782,-120.84102,"Non-REE Site range(0, 200)",Non-REE,0
947.0924854616966,94.67272453747691,22.74390147567988,7.87714278338894,0.0,0.0,0.0,0.0,0.0,0.0,10.0,42.20954,-123.86922,"Non-REE Site range(0, 200)",Non-REE,0
484.39063723979046,27.666406485748148,9.552605511727467,6.487605641842575,0.0,0.0,0.0,0.0,0.0,0.0,10.000000000000005,42.06092,-123.65425,"Non-REE Site range(0, 200)",Non-REE,0
400.69162298566334,34.338172698259804,12.121689751261735,6.137287847478136,0.0,0.0,0.0,0.0,0.0,0.0,29.999999999999996,38.05241,-120.54851,"Non-REE Site range(0, 200)",Non-REE,0
1657.938186356223,44.090313210409604,11.680246787039188,6.869702911491836,0.0,0.0,0.0,0.0,0.0,0.0,60.0,37.58222,-110.23182,"Non-REE Site range(0, 200)",Non-REE,0
1190.3261406138245,98.52629047276228,12.853436533353976,10.686441331924588,0.0,0.0,0.0,0.0,0.0,0.0,60.0,36.57496,-117.96064,"Non-REE Site range(0, 200)",Non-REE,0
1427.653835108545,67.8152623181996,14.927582559038894,9.352902628846925,0.0,0.0,0.0,0.0,0.0,0.0,30.000000000000004,36.03108,-117.82311,"Non-REE Site range(0, 200)",Non-REE,0
437.3915570120667,45.37961049268982,10.793105139970177,5.2462699824929,0.0,0.0,0.0,0.0,0.0,0.0,10.0,38.16911,-120.60241,"Non-REE Site range(0, 200)",Non-REE,0
1649.6019283014734,138.07888029199094,25.69181091736002,9.202051966966687,0.0,0.0,0.0,0.0,0.0,0.0,60.0,38.69522,-118.80677,"Non-REE Site range(0, 200)",Non-REE,0
1307.797464472977,63.84845978373708,14.311744761269532,7.154474041008935,0.0,0.0,0.0,0.0,0.0,0.0,20.0,35.26192,-114.0802,"Non-REE Site range(0, 200)",Non-REE,0
1848.753810268303,88.2542594913293,20.287492904483226,7.727442886915145,0.0,0.0,0.0,0.0,0.0,0.0,10.000000000000002,31.37514,-110.70539,"Non-REE Site range(0, 200)",Non-REE,0
861.2365067199889,25.300602058036038,7.077257299596055,4.394099263480337,0.0,0.0,0.0,0.0,0.0,0.0,20.0,32.16681,-112.16742,"Non-REE Site range(0, 200)",Non-REE,0
1320.7307413632582,87.63986107220221,14.776413511958635,8.737431521253981,0.0,0.0,0.0,0.0,0.0,0.0,10.0,40.11047,-121.10935,"Non-REE Site range(0, 200)",Non-REE,0
379.8586017303085,45.992376559211266,10.701429642043966,6.958488034659935,0.0,0.0,0.0,0.0,0.0,0.0,10.0,37.97961,-120.4866,"Non-REE Site range(0, 200)",Non-REE,0
725.9909346868301,41.31058391336885,11.584078712816568,6.599952785525985,0.0,0.0,0.0,0.0,0.0,0.0,20.00000000000001,35.04169,-114.4372,"Non-REE Site range(0, 200)",Non-REE,0
81.25893522869148,7.911984508639901,3.07392867699937,1.8160209097725033,0.0,0.0,0.0,0.0,0.0,0.0,29.99999999999999,38.94489,-121.25743,"Non-REE Site range(0, 200)",Non-REE,0
1130.8649765637297,9.262179084833942,3.6585142766629226,2.146625873907244,0.0,0.0,0.0,0.0,0.0,0.0,20.000000000000018,31.64763,-111.27402,"Non-REE Site range(0, 200)",Non-REE,0
1326.5266355320116,37.62215182775338,11.968909795583734,6.169977574769616,0.0,0.0,0.0,0.0,0.0,0.0,20.000000000000014,34.13333,-116.51945,"Non-REE Site range(0, 200)",Non-REE,0
268.75667164974055,62.28606379238814,16.259818227378716,9.685197313853456,0.0,0.0,0.0,0.0,0.0,0.0,59.999999999999986,32.88313,-114.81524,"Non-REE Site range(0, 200)",Non-REE,0
213.5122397211907,3.2211674777595967,1.298235393071017,0.8208164396784573,0.0,0.0,0.0,0.0,0.0,0.0,10.0,33.10228,-113.34856,"Non-REE Site range(0, 200)",Non-REE,0
117.05328591589597,7.72274702662951,2.4728568598340215,2.9859031660176854,0.0,0.0,0.0,0.0,0.0,0.0,29.999999999999996,44.06011,-123.25508,"Non-REE Site range(0, 200)",Non-REE,0
1681.0536084692792,102.47653884748505,21.485646993319445,7.372003538826935,0.0,0.0,0.0,0.0,0.0,0.0,10.0,41.17704,-122.85691,"Non-REE Site range(0, 200)",Non-REE,0
1082.793719697583,127.63044370948869,22.43024335745445,7.661451272500088,0.0,0.0,0.0,0.0,0.0,0.0,10.0,41.26428,-123.12056,"Non-REE Site range(0, 200)",Non-REE,0
1349.308067723425,140.09113720934818,23.25080880144797,7.645717677920625,0.0,0.0,0.0,0.0,0.0,0.0,30.0,44.32624,-118.93884,"Non-REE Site range(0, 200)",Non-REE,0
1194.498511803974,46.54293792117289,11.049956163125858,6.600326635473425,0.0,0.0,0.0,0.0,0.0,0.0,19.999999999999982,33.99116,-111.84852,"Non-REE Site range(0, 200)",Non-REE,0
219.72191157196568,48.54293825928908,8.27035287809786,6.522940377020798,0.0,0.0,0.0,0.0,0.0,0.0,29.999999999999993,43.17341,-123.43537,"Non-REE Site range(0, 200)",Non-REE,0
166.8043266993224,28.979732922064795,8.626875678721536,4.9195323727947695,0.0,0.0,0.0,0.0,0.0,0.0,10.0,38.20071,-120.86182,"Non-REE Site range(0, 200)",Non-REE,0
791.0895197076367,68.24430856856557,11.579182861344162,5.379187447630944,0.0,0.0,0.0,0.0,0.0,0.0,10.000000000000002,37.51663,-119.99268,"Non-REE Site range(0, 200)",Non-REE,0
994.9969188618069,104.11689777103514,21.43560150737041,8.01888685082209,0.0,0.0,0.0,0.0,0.0,0.0,10.0,34.72139,-119.91285,"Non-REE Site range(0, 200)",Non-REE,0
1305.1048038549136,126.51294174564144,27.014301626412195,11.258697075115267,0.0,0.0,0.0,0.0,0.0,0.0,29.99999999999998,44.90048,-114.72904,"Non-REE Site range(0, 200)",Non-REE,0
1139.4853787328375,54.252894205686474,12.306369955706124,6.840811510567664,0.0,0.0,0.0,0.0,0.0,0.0,30.0,43.37487,-117.22539,"Non-REE Site range(0, 200)",Non-REE,0
506.5321621140881,92.69114509871655,15.71306086734667,7.011900398075306,0.0,0.0,0.0,0.0,0.0,0.0,10.000000000000009,37.64659,-120.24266,"Non-REE Site range(0, 200)",Non-REE,0
792.3890516189484,99.54137560343777,21.805491886717405,7.694300274531103,0.0,0.0,0.0,0.0,0.0,0.0,10.0,42.03622,-123.08864,"Non-REE Site range(0, 200)",Non-REE,0
399.4875285051431,5.183885781332356,2.5026663773862152,1.8856284729413144,0.0,0.0,0.0,0.0,0.0,0.0,60.0,34.84388,-116.17684,"Non-REE Site range(0, 200)",Non-REE,0
48.620425736546956,5.168030016876871,3.146358419814635,2.679826497372147,0.0,0.0,0.0,0.0,0.0,0.0,40.00000000000002,37.46572,-120.5857,"Non-REE Site range(0, 200)",Non-REE,0
2585.0414538375267,120.14548621400857,14.722254292196824,4.908458634552183,0.0,0.0,0.0,0.0,0.0,0.0,10.0,38.14992,-119.31764,"Non-REE Site range(0, 200)",Non-REE,0
1605.4259809442415,148.12662129124564,26.153410847086647,8.485141266326185,0.0,0.0,0.0,0.0,0.0,0.0,10.000000000000002,44.04208,-115.71846,"Non-REE Site range(0, 200)",Non-REE,0
2318.498393102878,51.65709198434226,12.677641392921826,7.40327544641397,0.0,0.0,0.0,0.0,0.0,0.0,30.000000000000032,41.48187,-111.37273,"Non-REE Site range(0, 200)",Non-REE,0
1566.670332649747,39.83588798453478,12.729788299812622,8.41307589577482,0.0,0.0,0.0,0.0,0.0,0.0,29.999999999999993,32.06679,-110.08399,"Non-REE Site range(0, 200)",Non-REE,0
1592.389003711065,60.58203785414562,15.774151690532346,9.128051085328005,0.0,0.0,0.0,0.0,0.0,0.0,60.0,38.96659,-117.89678,"Non-REE Site range(0, 200)",Non-REE,0
1466.240630930304,64.55882115153243,10.345454294176744,7.468877725159967,0.0,0.0,0.0,0.0,0.0,0.0,30.0,40.41959,-118.81039,"Non-REE Site range(0, 200)",Non-REE,0
1485.7620494548983,64.7997746244005,14.86601615497272,6.737250149522856,0.0,0.0,0.0,0.0,0.0,0.0,10.0,43.95128,-115.99456,"Non-REE Site range(0, 200)",Non-REE,0
1683.596500128384,49.79275155328161,10.852574838275748,8.040662964733011,0.0,0.0,0.0,0.0,0.0,0.0,59.999999999999964,38.45496,-113.07691,"Non-REE Site range(0, 200)",Non-REE,0
864.3307532618808,74.49519109751134,14.055818781291965,8.691093928577422,0.0,0.0,0.0,0.0,0.0,0.0,20.00000000000001,34.11256,-111.66742,"Non-REE Site range(0, 200)",Non-REE,0
1221.1633200307172,50.841671462463864,12.239006458273012,6.365685684987396,0.0,0.0,0.0,0.0,0.0,0.0,19.99999999999999,31.39904,-110.91318,"Non-REE Site range(0, 200)",Non-REE,0
1136.0072719354412,49.065000237622655,15.916932932595444,6.427393065060078,0.0,0.0,0.0,0.0,0.0,0.0,10.0,39.29519,-120.86183,"Non-REE Site range(0, 200)",Non-REE,0
1995.9752812997153,126.15796184517716,18.66431282986148,8.375478738111322,0.0,0.0,0.0,0.0,0.0,0.0,30.000000000000007,41.21739,-117.27286,"Non-REE Site range(0, 200)",Non-REE,0
239.32775850975943,5.877048049242159,2.4609346744381706,1.5395513058097237,0.0,0.0,0.0,0.0,0.0,0.0,59.999999999999986,32.97694,-114.78833,"Non-REE Site range(0, 200)",Non-REE,0
869.4590180824345,112.4053526510224,25.92718883995557,8.366066617089778,0.0,0.0,0.0,0.0,0.0,0.0,20.000000000000004,34.35831,-118.354,"Non-REE Site range(0, 200)",Non-REE,0
394.011369752549,15.97530909370668,3.5134763813951904,4.461207066399348,0.0,0.0,0.0,0.0,0.0,0.0,49.99999999999999,33.66724,-117.33147,"Non-REE Site range(0, 200)",Non-REE,0
1590.972216756246,13.25505356011221,4.139750969095709,3.263643226926453,0.0,0.0,0.0,0.0,0.0,0.0,30.0,38.94663,-111.85938,"Non-REE Site range(0, 200)",Non-REE,0
1640.6283189250873,59.438039202739446,14.552986758893454,6.580172586369834,0.0,0.0,0.0,0.0,0.0,0.0,30.000000000000043,39.47213,-118.07985,"Non-REE Site range(0, 200)",Non-REE,0
1760.5383143935903,96.28527493222428,17.70869469238638,9.177832250649042,0.0,0.0,0.0,0.0,0.0,0.0,60.0,39.18021,-118.19656,"Non-REE Site range(0, 200)",Non-REE,0
34.04031994208807,8.040672130118338,3.5072652921495266,2.590774853857327,0.0,0.0,0.0,0.0,0.0,0.0,10.000000000000005,38.2077,-121.08382,"Non-REE Site range(0, 200)",Non-REE,0
731.8849421878657,64.37034723146202,19.245550798040743,7.16168042683831,0.0,0.0,0.0,0.0,0.0,0.0,10.000000000000009,42.75842,-123.19505,"Non-REE Site range(0, 200)",Non-REE,0
422.9419599252023,119.14624964177702,20.219978272375283,9.508534577075167,0.0,0.0,0.0,0.0,0.0,0.0,30.000000000000007,37.62682,-120.1496,"Non-REE Site range(0, 200)",Non-REE,0
1399.2483226286927,38.622488133117876,6.701524930684974,6.189400590193885,0.0,0.0,0.0,0.0,0.0,0.0,30.00000000000003,39.60989,-119.731,"Non-REE Site range(0, 200)",Non-REE,0
1486.696911860041,70.37599015550275,11.40242892142419,7.1146613835384676,0.0,0.0,0.0,0.0,0.0,0.0,30.000000000000014,42.09382,-112.34362,"Non-REE Site range(0, 200)",Non-REE,0
1499.1709742935068,33.70908420866416,10.72139693224241,6.16244643960904,0.0,0.0,0.0,0.0,0.0,0.0,19.999999999999993,31.52344,-110.62007,"Non-REE Site range(0, 200)",Non-REE,0
2911.2238485380713,61.06829080434855,13.021324652713691,8.89359991204753,0.0,0.0,0.0,0.0,0.0,0.0,10.0,37.49024,-118.96406,"Non-REE Site range(0, 200)",Non-REE,0
322.26620678309376,4.959306934065801,2.5969192338929656,1.860121364714981,0.0,0.0,0.0,0.0,0.0,0.0,60.00000000000001,33.55697,-112.30963,"Non-REE Site range(0, 200)",Non-REE,0
5.995769415879158,8.046324078614466,3.6275348249857404,4.3854902587441025,0.0,0.0,0.0,0.0,0.0,0.0,80.00000000000003,36.68663,-121.81102,"Non-REE Site range(0, 200)",Non-REE,0
1600.8090547829836,120.44610798799351,24.779762842251422,7.384845725243032,0.0,0.0,0.0,0.0,0.0,0.0,10.0,36.63912,-118.86622,"Non-REE Site range(0, 200)",Non-REE,0
2000.0679139179324,42.08100502504191,8.690149091816927,4.8380548362548845,0.0,0.0,0.0,0.0,0.0,0.0,19.99999999999999,37.67161,-117.40648,"Non-REE Site range(0, 200)",Non-REE,0
1343.3225498519587,93.48406922483693,18.034780772306178,7.170504190131677,0.0,0.0,0.0,0.0,0.0,0.0,10.000000000000002,41.36154,-122.69581,"Non-REE Site range(0, 200)",Non-REE,0
523.0635383681757,37.23383398112582,10.270450082805791,5.306579741264188,0.0,0.0,0.0,0.0,0.0,0.0,10.0,38.02431,-120.63021,"Non-REE Site range(0, 200)",Non-REE,0
2118.5260891701696,129.90855975713123,18.16649501463441,10.477701828138091,0.0,0.0,0.0,0.0,0.0,0.0,20.0,37.93773,-118.33654,"Non-REE Site range(0, 200)",Non-REE,0
1891.8765764957702,88.03511568662414,13.732082337443515,6.359318995179857,0.0,0.0,0.0,0.0,0.0,0.0,10.000000000000005,39.18629,-120.39882,"Non-REE Site range(0, 200)",Non-REE,0
1434.4657588482105,5.401604227652664,2.039410751223407,1.1468033023890727,0.0,0.0,0.0,0.0,0.0,0.0,30.00000000000001,42.32571,-113.23255,"Non-REE Site range(0, 200)",Non-REE,0
671.167718901517,41.03038575369912,7.481215263949885,4.6914887353395995,0.0,0.0,0.0,0.0,0.0,0.0,60.0,35.09531,-116.66917,"Non-REE Site range(0, 200)",Non-REE,0
1682.709679339215,66.16476349440151,17.653937283350903,6.528626737112495,0.0,0.0,0.0,0.0,0.0,0.0,10.0,44.85596,-118.39327,"Non-REE Site range(0, 200)",Non-REE,0
277.9235346331149,31.49038692190573,13.669889550968904,7.165170180110971,0.0,0.0,0.0,0.0,0.0,0.0,60.0,33.75785,-114.5589,"Non-REE Site range(0, 200)",Non-REE,0
1055.5606890072354,108.15786320374433,22.557455488852543,8.03943597263425,0.0,0.0,0.0,0.0,0.0,0.0,10.0,41.04625,-122.67031,"Non-REE Site range(0, 200)",Non-REE,0
1159.6051148726888,108.12339547833506,22.96375010749362,7.803214568927006,0.0,0.0,0.0,0.0,0.0,0.0,10.000000000000002,40.03797,-121.13715,"Non-REE Site range(0, 200)",Non-REE,0
1339.048605305968,6.173130314279621,2.598347167879474,1.5761433169608454,0.0,0.0,0.0,0.0,0.0,0.0,30.00000000000001,41.44816,-120.56076,"Non-REE Site range(0, 200)",Non-REE,0
2087.7896133970926,88.04160104885058,12.50841652558039,5.42791131042538,0.0,0.0,0.0,0.0,0.0,0.0,19.999999999999996,38.77103,-117.82705,"Non-REE Site range(0, 200)",Non-REE,0
692.0898027629999,40.80232869877994,13.241325321894413,6.071124581222856,0.0,0.0,0.0,0.0,0.0,0.0,10.0,39.44433,-122.91658,"Non-REE Site range(0, 200)",Non-REE,0
1473.2620731818806,44.60936725900478,16.21062727326155,7.138400911778416,0.0,0.0,0.0,0.0,0.0,0.0,10.0,43.99127,-115.83679,"Non-REE Site range(0, 200)",Non-REE,0
1975.0107867659376,73.29490997630842,16.80591664669914,6.516210343700006,0.0,0.0,0.0,0.0,0.0,0.0,30.000000000000014,40.5624,-117.13178,"Non-REE Site range(0, 200)",Non-REE,0
752.6167299469788,38.63935032543411,9.979906703722268,5.875692730771089,0.0,0.0,0.0,0.0,0.0,0.0,10.0,39.11209,-120.95463,"Non-REE Site range(0, 200)",Non-REE,0
521.0053564909845,7.371072902683308,2.6007423876375118,1.7730650953774971,0.0,0.0,0.0,0.0,0.0,0.0,50.00000000000002,36.0592,-115.01833,"Non-REE Site range(0, 200)",Non-REE,0
1884.0783734430934,54.872905053420716,8.900691609201987,5.095098852221933,0.0,0.0,0.0,0.0,0.0,0.0,10.0,35.46081,-118.31063,"Non-REE Site range(0, 200)",Non-REE,0
1295.209571523065,133.71369083664646,27.04387474158903,13.123889663798487,0.0,0.0,0.0,0.0,0.0,0.0,20.000000000000007,33.85063,-110.57791,"Non-REE Site range(0, 200)",Non-REE,0
1908.1694328255626,29.542145395345006,9.7935833346757,4.9289321224189395,0.0,0.0,0.0,0.0,0.0,0.0,10.0,37.92936,-114.63694,"Non-REE Site range(0, 200)",Non-REE,0
174.61484466238494,26.934180112388354,6.1075774469439,6.223191968955053,0.0,0.0,0.0,0.0,0.0,0.0,59.99999999999998,33.68336,-114.43409,"Non-REE Site range(0, 200)",Non-REE,0
644.7711298202254,50.19207595446953,11.774395601212658,7.048012793233425,0.0,0.0,0.0,0.0,0.0,0.0,30.00000000000001,44.83294,-119.72749,"Non-REE Site range(0, 200)",Non-REE,0
331.6242658634722,47.04293394778452,13.326496183111255,6.515952720148596,0.0,0.0,0.0,0.0,0.0,0.0,10.000000000000002,38.53768,-120.8438,"Non-REE Site range(0, 200)",Non-REE,0
1436.1346812825154,13.790206502149616,3.8804199414027076,2.158930214071858,0.0,0.0,0.0,0.0,0.0,0.0,60.0,39.06435,-113.23441,"Non-REE Site range(0, 200)",Non-REE,0
444.17536647592914,77.67253806940427,14.697380880782989,6.837717013959381,0.0,0.0,0.0,0.0,0.0,0.0,10.0,40.58402,-122.51666,"Non-REE Site range(0, 200)",Non-REE,0
640.4009520061047,123.64584441776424,23.61162138378615,8.668142084763637,0.0,0.0,0.0,0.0,0.0,0.0,10.0,40.75984,-123.11581,"Non-REE Site range(0, 200)",Non-REE,0
1831.5172236842357,86.42295307767529,13.852364942254047,5.983900612302018,0.0,0.0,0.0,0.0,0.0,0.0,19.999999999999986,37.35526,-115.76807,"Non-REE Site range(0, 200)",Non-REE,0
1945.7850121068614,110.55476324844294,17.522266175647324,6.395337809684813,0.0,0.0,0.0,0.0,0.0,0.0,10.0,42.00343,-122.89583,"Non-REE Site range(0, 200)",Non-REE,0
2962.967585080757,143.33249210612536,26.660602915083892,9.258299814395537,0.0,0.0,0.0,0.0,0.0,0.0,30.000000000000007,40.54384,-111.63498,"Non-REE Site range(0, 200)",Non-REE,0
1846.727955918611,62.85304750315962,11.331446090384464,5.27495091775726,0.0,0.0,0.0,0.0,0.0,0.0,30.0,41.73408,-114.83367,"Non-REE Site range(0, 200)",Non-REE,0
1927.122816019598,122.90142017720223,20.37673227563848,6.132377380849836,0.0,0.0,0.0,0.0,0.0,0.0,10.0,44.58455,-118.64045,"Non-REE Site range(0, 200)",Non-REE,0
1350.9661814523204,57.09473499316233,13.646483657476205,5.250395011758756,0.0,0.0,0.0,0.0,0.0,0.0,10.0,35.55554,-118.70342,"Non-REE Site range(0, 200)",Non-REE,0
779.5475834099552,47.72882502816715,12.929943478663741,8.576174902941114,0.0,0.0,0.0,0.0,0.0,0.0,10.000000000000009,38.25571,-120.53241,"Non-REE Site range(0, 200)",Non-REE,0
1818.7786726764136,63.26617911841798,16.73034732270871,7.249028355102829,0.0,0.0,0.0,0.0,0.0,0.0,10.000000000000005,43.18072,-111.1269,"Non-REE Site range(0, 200)",Non-REE,0
2111.5289961136623,71.77400523804253,12.692226629329054,6.195888241556774,0.0,0.0,0.0,0.0,0.0,0.0,10.0,39.91488,-120.13382,"Non-REE Site range(0, 200)",Non-REE,0
269.41034234070474,85.3270398521303,19.05647965602138,10.34234976946813,0.0,0.0,0.0,0.0,0.0,0.0,10.0,40.89984,-123.56803,"Non-REE Site range(0, 200)",Non-REE,0
659.3699734248453,18.525386550239133,4.9065365948070525,3.6382834061518605,0.0,0.0,0.0,0.0,0.0,0.0,59.99999999999997,34.89971,-116.92557,"Non-REE Site range(0, 200)",Non-REE,0
859.8278732398596,122.30736790844556,15.031177737304287,8.053304474278866,0.0,0.0,0.0,0.0,0.0,0.0,10.0,38.87428,-122.69667,"Non-REE Site range(0, 200)",Non-REE,0
589.4009124703683,155.6197436807363,21.91525206835089,6.297246409574468,0.0,0.0,0.0,0.0,0.0,0.0,30.000000000000004,36.87665,-119.30986,"Non-REE Site range(0, 200)",Non-REE,0
778.5325289747194,143.7660361940701,21.752534888536466,8.79581567564476,0.0,0.0,0.0,0.0,0.0,0.0,10.0,41.31594,-123.19613,"Non-REE Site range(0, 200)",Non-REE,0
2263.060356986842,123.24387509185809,17.381047103370808,9.507004849597244,0.0,0.0,0.0,0.0,0.0,0.0,29.999999999999996,44.7324,-113.02921,"Non-REE Site range(0, 200)",Non-REE,0
1867.1620534335818,107.90400096475186,22.167037229388214,15.674977858049363,0.0,0.0,0.0,0.0,0.0,0.0,60.0,38.75487,-110.9469,"Non-REE Site range(0, 200)",Non-REE,0
1424.8050372594453,6.865805123536085,2.426087924923404,1.8566110681460666,0.0,0.0,0.0,0.0,0.0,0.0,19.999999999999982,39.38634,-112.55274,"Non-REE Site range(0, 200)",Non-REE,0
309.5840888384922,33.14793067993877,11.1138793652152,5.388375430669547,0.0,0.0,0.0,0.0,0.0,0.0,10.0,38.21297,-120.68184,"Non-REE Site range(0, 200)",Non-REE,0
42.67416918622938,7.687320073098117,3.43114853544399,2.913737018391153,0.0,0.0,0.0,0.0,0.0,0.0,10.0,44.99008,-123.0623,"Non-REE Site range(0, 200)",Non-REE,0
1094.1137504030655,13.005632708479428,3.250646106755606,1.894775591372299,0.0,0.0,0.0,0.0,0.0,0.0,20.000000000000007,31.96182,-111.09489,"Non-REE Site range(0, 200)",Non-REE,0
1834.1719290457595,79.0804255106208,12.030772506137835,5.652028511075492,0.0,0.0,0.0,0.0,0.0,0.0,29.999999999999964,37.01385,-117.91232,"Non-REE Site range(0, 200)",Non-REE,0
1241.1931722150457,71.76035125289697,11.545788645252122,5.736003212567268,0.0,0.0,0.0,0.0,0.0,0.0,10.0,38.05961,-120.216,"Non-REE Site range(0, 200)",Non-REE,0
2010.284888127328,156.8844904962707,26.937686500221538,6.393222406727463,0.0,0.0,0.0,0.0,0.0,0.0,10.0,36.21667,-118.62033,"Non-REE Site range(0, 200)",Non-REE,0
9.08568747121523,6.081160908663895,2.522476963907637,2.9997330960225623,0.0,0.0,0.0,0.0,0.0,0.0,29.999999999999993,43.10451,-124.18759,"Non-REE Site range(0, 200)",Non-REE,0
1785.137313349853,48.17423601892143,10.836919042866192,7.377166059895117,0.0,0.0,0.0,0.0,0.0,0.0,59.99999999999999,37.77495,-115.96758,"Non-REE Site range(0, 200)",Non-REE,0
1682.9845437623014,40.684059077954814,6.481949795451758,2.839688272992236,0.0,0.0,0.0,0.0,0.0,0.0,59.99999999999998,38.41412,-115.54531,"Non-REE Site range(0, 200)",Non-REE,0
1810.4081880546807,46.15102726397316,8.252664807879555,5.748168653744491,0.0,0.0,0.0,0.0,0.0,0.0,30.0,38.65776,-112.59999,"Non-REE Site range(0, 200)",Non-REE,0
1224.8765965171608,83.45704799935274,19.686990573255006,7.45843311586086,0.0,0.0,0.0,0.0,0.0,0.0,10.0,40.36513,-123.02694,"Non-REE Site range(0, 200)",Non-REE,0
740.0558996649371,43.24111828931122,11.283909869823708,7.113665762086249,0.0,0.0,0.0,0.0,0.0,0.0,59.99999999999996,35.17419,-114.43498,"Non-REE Site range(0, 200)",Non-REE,0
328.55649787154107,40.04279256456166,8.670978266348353,7.4381251015207095,0.0,0.0,0.0,0.0,0.0,0.0,30.0,36.12277,-118.82673,"Non-REE Site range(0, 200)",Non-REE,0
989.4886161677937,60.77245771738358,15.841253237875955,6.010069637211069,0.0,0.0,0.0,0.0,0.0,0.0,29.999999999999968,37.55602,-121.6177,"Non-REE Site range(0, 200)",Non-REE,0
914.9020536566069,14.115524543586755,3.7535286315936425,2.9748919789294357,0.0,0.0,0.0,0.0,0.0,0.0,60.0,34.8792,-117.47339,"Non-REE Site range(0, 200)",Non-REE,0
269.73412932554004,72.20370745558365,17.578251229242014,6.460314734380584,0.0,0.0,0.0,0.0,0.0,0.0,30.00000000000001,35.14558,-120.47347,"Non-REE Site range(0, 200)",Non-REE,0
1732.2522524039362,30.735937891092497,8.56319171624201,4.117951957811525,0.0,0.0,0.0,0.0,0.0,0.0,10.000000000000009,34.46616,-112.48853,"Non-REE Site range(0, 200)",Non-REE,0
1304.6048081367574,18.96955908462891,7.644554977796696,4.053523329345164,0.0,0.0,0.0,0.0,0.0,0.0,20.0,32.11345,-110.18677,"Non-REE Site range(0, 200)",Non-REE,0
1834.4646869319574,77.70459050971155,16.364307863176524,7.487566458168305,0.0,0.0,0.0,0.0,0.0,0.0,60.0,40.531,-117.12014,"Non-REE Site range(0, 200)",Non-REE,0
2446.3172842593626,121.27073695198364,18.78300463086726,9.148262949504598,0.0,0.0,0.0,0.0,0.0,0.0,10.00000000000001,40.52914,-111.60548,"Non-REE Site range(0, 200)",Non-REE,0
1386.6189640269492,112.43009907805163,21.572799885118958,9.207974524008424,0.0,0.0,0.0,0.0,0.0,0.0,30.0,35.77387,-118.0773,"Non-REE Site range(0, 200)",Non-REE,0
334.95018047766206,60.56183760420507,10.210295361214545,4.498737556115395,0.0,0.0,0.0,0.0,0.0,0.0,30.0,38.01411,-120.77381,"Non-REE Site range(0, 200)",Non-REE,0
513.8255114376786,15.993084108533973,3.5836688580600886,2.3285976057639513,0.0,0.0,0.0,0.0,0.0,0.0,50.000000000000014,33.84923,-117.27557,"Non-REE Site range(0, 200)",Non-REE,0
1237.3217898478956,74.22579843683613,16.177153311906117,6.79440415744637,0.0,0.0,0.0,0.0,0.0,0.0,20.000000000000014,33.41675,-116.70195,"Non-REE Site range(0, 200)",Non-REE,0
1529.23633047614,121.52583730694477,20.555118020564713,7.234191460811289,0.0,0.0,0.0,0.0,0.0,0.0,10.0,41.96673,-123.53945,"Non-REE Site range(0, 200)",Non-REE,0
741.924572247762,35.491628434921495,8.73645506555106,5.441709769157695,0.0,0.0,0.0,0.0,0.0,0.0,10.000000000000002,38.7435,-120.75662,"Non-REE Site range(0, 200)",Non-REE,0
1144.6488659392664,32.17167235557068,10.243811499726453,7.477381984451949,0.0,0.0,0.0,0.0,0.0,0.0,19.99999999999999,31.90292,-111.29039,"Non-REE Site range(0, 200)",Non-REE,0
1755.3719067853142,29.41884719544235,9.987948736370688,6.628146053235447,0.0,0.0,0.0,0.0,0.0,0.0,29.999999999999982,41.0732,-116.42903,"Non-REE Site range(0, 200)",Non-REE,0
322.3600348995887,56.64088671669531,13.50619054461578,9.377887365388075,0.0,0.0,0.0,0.0,0.0,0.0,60.00000000000003,34.12925,-114.12749,"Non-REE Site range(0, 200)",Non-REE,0
1344.9060798140017,43.89014876808698,8.168903522006975,4.362401086928592,0.0,0.0,0.0,0.0,0.0,0.0,10.000000000000005,42.19623,-121.84749,"Non-REE Site range(0, 200)",Non-REE,0
1250.069336106458,48.730077551033865,8.672975275963097,7.300279926078201,0.0,0.0,0.0,0.0,0.0,0.0,20.0,35.36808,-114.06747,"Non-REE Site range(0, 200)",Non-REE,0
1596.3065179897096,66.93121438349924,13.38668099212007,7.996304410697759,0.0,0.0,0.0,0.0,0.0,0.0,29.999999999999975,36.16557,-117.85311,"Non-REE Site range(0, 200)",Non-REE,0
29.8332098730676,17.553079037079346,4.962891539130159,3.9752389810459308,0.0,0.0,0.0,0.0,0.0,0.0,30.0,39.15818,-121.80385,"Non-REE Site range(0, 200)",Non-REE,0
2201.2631082179255,101.05818142088543,14.09582585582231,7.281956742258418,0.0,0.0,0.0,0.0,0.0,0.0,30.00000000000002,41.7446,-115.65732,"Non-REE Site range(0, 200)",Non-REE,0
432.3755317554453,83.80182474708242,16.417393098420323,7.063520066894186,0.0,0.0,0.0,0.0,0.0,0.0,10.0,35.36527,-120.70487,"Non-REE Site range(0, 200)",Non-REE,0
1359.3171698933,16.345338635611828,2.71338785845549,1.2996225684689793,0.0,0.0,0.0,0.0,0.0,0.0,59.999999999999964,38.30271,-118.10455,"Non-REE Site range(0, 200)",Non-REE,0
460.10756119211294,11.61138918146102,3.4807244843997855,3.513971210183708,0.0,0.0,0.0,0.0,0.0,0.0,29.999999999999996,33.66084,-117.19307,"Non-REE Site range(0, 200)",Non-REE,0
97.58405974497424,24.709438012294353,10.19784612275404,5.365926794628909,0.0,0.0,0.0,0.0,0.0,0.0,60.00000000000002,32.83564,-114.50551,"Non-REE Site range(0, 200)",Non-REE,0
384.0467322735302,22.210988081921613,6.863026858086425,3.7167042185292902,0.0,0.0,0.0,0.0,0.0,0.0,10.000000000000002,38.70434,-120.93463,"Non-REE Site range(0, 200)",Non-REE,0
1701.9740743665022,54.52507789645619,14.463512041533876,5.997630762574041,0.0,0.0,0.0,0.0,0.0,0.0,10.0,44.75405,-118.27995,"Non-REE Site range(0, 200)",Non-REE,0
1931.0555585046588,71.89195510685352,20.061318583105642,6.468182884268344,0.0,0.0,0.0,0.0,0.0,0.0,10.0,31.71263,-110.81488,"Non-REE Site range(0, 200)",Non-REE,0
2255.963539592635,128.89358898264686,24.593010857080795,6.917253517267318,0.0,0.0,0.0,0.0,0.0,0.0,10.0,43.51659,-114.43591,"Non-REE Site range(0, 200)",Non-REE,0
948.405014423517,90.65941378106349,26.37111693993663,7.97345098059276,0.0,0.0,0.0,0.0,0.0,0.0,10.0,44.60171,-122.29806,"Non-REE Site range(0, 200)",Non-REE,0
867.5335392610297,18.219903893579787,3.15178680514558,2.320002721321617,0.0,0.0,0.0,0.0,0.0,0.0,60.0,34.71141,-117.30338,"Non-REE Site range(0, 200)",Non-REE,0
2997.491039436079,142.7834518010653,26.27594413399879,7.379943771503482,0.0,0.0,0.0,0.0,0.0,0.0,59.99999999999999,38.43659,-119.26765,"Non-REE Site range(0, 200)",Non-REE,0
710.9529306235873,18.894560873918493,7.2725246893495,4.455330612148615,0.0,0.0,0.0,0.0,0.0,0.0,10.000000000000004,39.186,-121.0677,"Non-REE Site range(0, 200)",Non-REE,0
1615.7064624029151,20.020710708050576,4.283502885163488,3.7139464664200292,0.0,0.0,0.0,0.0,0.0,0.0,29.999999999999996,40.32466,-110.01513,"Non-REE Site range(0, 200)",Non-REE,0
1639.1597490724214,21.081458567722727,4.790302185078608,3.8921896448970057,0.0,0.0,0.0,0.0,0.0,0.0,40.0,40.14386,-110.17904,"Non-REE Site range(0, 200)",Non-REE,0
1666.042242656358,103.78913140919622,16.225144524334297,8.154133529760188,0.0,0.0,0.0,0.0,0.0,0.0,19.999999999999996,37.23556,-116.05337,"Non-REE Site range(0, 200)",Non-REE,0
1977.37881909611,35.929056644704275,8.753255018715674,8.398515564642798,0.0,0.0,0.0,0.0,0.0,0.0,30.000000000000007,37.59919,-111.94136,"Non-REE Site range(0, 200)",Non-REE,0
1645.7379173004585,83.1045687119809,19.014395396009906,7.7937588117674865,0.0,0.0,0.0,0.0,0.0,0.0,60.0,39.07435,-118.70708,"Non-REE Site range(0, 200)",Non-REE,0
909.644258176618,59.02107071221217,13.463070258833646,6.691843293021483,0.0,0.0,0.0,0.0,0.0,0.0,10.000000000000007,39.82015,-121.54523,"Non-REE Site range(0, 200)",Non-REE,0
2103.2766131780145,30.560947439486004,8.420603733500347,6.560024225437228,0.0,0.0,0.0,0.0,0.0,0.0,30.00000000000002,38.35936,-119.4478,"Non-REE Site range(0, 200)",Non-REE,0
648.4366275398816,66.02335934366336,10.77435376142044,6.369589976334572,0.0,0.0,0.0,0.0,0.0,0.0,20.0,33.05756,-116.79115,"Non-REE Site range(0, 200)",Non-REE,0
2022.2164274604772,77.28059060617417,18.85927552651313,7.903172247029696,0.0,0.0,0.0,0.0,0.0,0.0,10.0,37.93107,-114.47723,"Non-REE Site range(0, 200)",Non-REE,0
1299.0214365673212,63.80781505734472,14.004934588553201,11.831623385865726,0.0,0.0,0.0,0.0,0.0,0.0,20.0,34.8981,-112.13963,"Non-REE Site range(0, 200)",Non-REE,0
1618.116022672143,58.592329143860994,8.895530060299883,8.206675886012462,0.0,0.0,0.0,0.0,0.0,0.0,30.00000000000002,41.50465,-111.94748,"Non-REE Site range(0, 200)",Non-REE,0
866.5273939407393,66.46985760224038,17.27380622056479,8.162941987721993,0.0,0.0,0.0,0.0,0.0,0.0,60.0,35.38999,-117.9237,"Non-REE Site range(0, 200)",Non-REE,0
1613.4203146469144,87.2766991449841,19.264282481421446,6.8177370568047735,0.0,0.0,0.0,0.0,0.0,0.0,30.0,44.36455,-118.79295,"Non-REE Site range(0, 200)",Non-REE,0
2002.2720669681428,64.60441615402665,14.119939882162644,6.055382736726925,0.0,0.0,0.0,0.0,0.0,0.0,10.0,38.47071,-120.1788,"Non-REE Site range(0, 200)",Non-REE,0
1180.1496401882607,65.32040517460248,14.22235853847087,7.025709324555338,0.0,0.0,0.0,0.0,0.0,0.0,59.999999999999986,33.38091,-110.98792,"Non-REE Site range(0, 200)",Non-REE,0
708.3053388075166,24.935083801155923,3.6756431439470805,2.5483727397929323,0.0,0.0,0.0,0.0,0.0,0.0,30.000000000000014,43.60097,-116.85348,"Non-REE Site range(0, 200)",Non-REE,0
632.3375547259251,51.077632740274616,11.341176407025813,5.56949805482667,0.0,0.0,0.0,0.0,0.0,0.0,30.00000000000003,37.46823,-120.03428,"Non-REE Site range(0, 200)",Non-REE,0
192.6475062289244,25.303314210474525,9.16973223487425,5.337748038863906,0.0,0.0,0.0,0.0,0.0,0.0,30.000000000000014,37.63131,-121.50522,"Non-REE Site range(0, 200)",Non-REE,0
534.201236275363,94.46794642750999,19.138454207195906,10.102837507060272,0.0,0.0,0.0,0.0,0.0,0.0,10.0,41.75402,-123.94035,"Non-REE Site range(0, 200)",Non-REE,0
527.8691000217364,79.5506838961144,20.315258851698317,6.874035352402089,0.0,0.0,0.0,0.0,0.0,0.0,10.0,42.29292,-123.78946,"Non-REE Site range(0, 200)",Non-REE,0
2614.249622091432,57.89952987140123,10.30135711166468,4.824528406449802,0.0,0.0,0.0,0.0,0.0,0.0,10.0,38.81557,-111.67137,"Non-REE Site range(0, 200)",Non-REE,0
1780.0923536132718,50.68493361920078,8.16203752824615,5.1324790231209345,0.0,0.0,0.0,0.0,0.0,0.0,29.999999999999986,39.38802,-111.55216,"Non-REE Site range(0, 200)",Non-REE,0
294.9444441426515,83.88634921179305,16.073526722256922,8.743582254544757,0.0,0.0,0.0,0.0,0.0,0.0,10.000000000000002,37.05994,-119.59567,"Non-REE Site range(0, 200)",Non-REE,0
2186.4171280078376,108.06814443420873,16.273191313506835,7.076716552125366,0.0,0.0,0.0,0.0,0.0,0.0,10.000000000000005,39.4927,-115.99507,"Non-REE Site range(0, 200)",Non-REE,0
2179.820322663538,133.13357474874502,20.205526770293606,10.05402163493353,0.0,0.0,0.0,0.0,0.0,0.0,10.000000000000004,37.89218,-114.60251,"Non-REE Site range(0, 200)",Non-REE,0
924.757630020968,48.10192392787026,12.455700844081631,6.3867328259373055,0.0,0.0,0.0,0.0,0.0,0.0,10.0,38.33047,-120.43962,"Non-REE Site range(0, 200)",Non-REE,0
1545.708778651516,67.3448219827455,13.676055487800852,8.480526125469384,0.0,0.0,0.0,0.0,0.0,0.0,10.000000000000002,33.76341,-110.48819,"Non-REE Site range(0, 200)",Non-REE,0
1442.9483542806033,91.62541895351723,19.459498298225768,7.150945063350559,0.0,0.0,0.0,0.0,0.0,0.0,10.0,39.52238,-120.85793,"Non-REE Site range(0, 200)",Non-REE,0
179.4779499532128,79.06975097263974,10.089783345496548,5.356618276319895,0.0,0.0,0.0,0.0,0.0,0.0,10.000000000000005,37.8857,-122.26245,"Non-REE Site range(0, 200)",Non-REE,0
1034.3979219414916,60.990624937478536,14.696678601904232,5.187407948629723,0.0,0.0,0.0,0.0,0.0,0.0,20.0,34.53337,-114.16746,"Non-REE Site range(0, 200)",Non-REE,0
289.4816599829176,32.27548796688473,8.659155529240001,5.626139901895154,0.0,0.0,0.0,0.0,0.0,0.0,30.000000000000004,40.56902,-122.46581,"Non-REE Site range(0, 200)",Non-REE,0
2130.5714622041414,50.86588176882638,9.22827737518415,6.948912589974957,0.0,0.0,0.0,0.0,0.0,0.0,20.000000000000007,37.05185,-117.97312,"Non-REE Site range(0, 200)",Non-REE,0
1020.864198666574,78.9037236815623,20.457517597045104,8.8147558682331,0.0,0.0,0.0,0.0,0.0,0.0,20.00000000000001,35.01473,-114.02999,"Non-REE Site range(0, 200)",Non-REE,0
2214.0127203680277,36.29596715268762,12.022838441622591,5.015530034609827,0.0,0.0,0.0,0.0,0.0,0.0,10.000000000000005,38.96772,-117.76404,"Non-REE Site range(0, 200)",Non-REE,0
2108.9966246808435,42.470902560497855,10.663345205839429,6.278062141489951,0.0,0.0,0.0,0.0,0.0,0.0,29.99999999999997,38.51053,-112.17772,"Non-REE Site range(0, 200)",Non-REE,0
1310.2856527366207,31.28145929318618,4.7168415767520875,4.944217644594454,0.0,0.0,0.0,0.0,0.0,0.0,30.00000000000002,41.62433,-112.26802,"Non-REE Site range(0, 200)",Non-REE,0
975.1179251742656,107.42558082884644,21.693460144958138,6.823695201406758,0.0,0.0,0.0,0.0,0.0,0.0,10.0,41.83317,-122.70112,"Non-REE Site range(0, 200)",Non-REE,0
1907.0787290755745,34.26987643291227,11.718755251938118,4.998010385178952,0.0,0.0,0.0,0.0,0.0,0.0,10.000000000000005,34.15427,-110.7757,"Non-REE Site range(0, 200)",Non-REE,0
415.9658698451042,49.64344485409252,8.39407139981329,5.128456666906133,0.0,0.0,0.0,0.0,0.0,0.0,10.0,38.7474,-120.87796,"Non-REE Site range(0, 200)",Non-REE,0
1945.2507296617725,150.54213581452643,20.34379937961905,7.785937434858926,0.0,0.0,0.0,0.0,0.0,0.0,60.0,37.64884,-118.33984,"Non-REE Site range(0, 200)",Non-REE,0
1329.0697917739697,87.2589801770945,16.103280417695018,7.547950925048681,0.0,0.0,0.0,0.0,0.0,0.0,10.0,41.38013,-123.74924,"Non-REE Site range(0, 200)",Non-REE,0
435.85912167424215,37.04311947194178,7.858326076490661,5.014309527248678,0.0,0.0,0.0,0.0,0.0,0.0,10.000000000000009,38.7366,-120.99243,"Non-REE Site range(0, 200)",Non-REE,0
720.951548461773,23.089601851058585,3.6810477657935285,2.315463155542343,0.0,0.0,0.0,0.0,0.0,0.0,60.0,34.90501,-117.22308,"Non-REE Site range(0, 200)",Non-REE,0
631.6216217393771,86.04400664181627,21.566916900125914,7.616815282957361,0.0,0.0,0.0,0.0,0.0,0.0,10.0,39.82209,-121.568,"Non-REE Site range(0, 200)",Non-REE,0
733.477601918041,40.838444648919626,10.303778575978486,5.270875538459927,0.0,0.0,0.0,0.0,0.0,0.0,10.0,38.75934,-120.75269,"Non-REE Site range(0, 200)",Non-REE,0
1538.7829333324125,32.60981281174501,5.326148182204784,4.2866934777592,0.0,0.0,0.0,0.0,0.0,0.0,59.99999999999998,40.5085,-117.14265,"Non-REE Site range(0, 200)",Non-REE,0
1807.8029199829623,35.50535369354651,10.035108849180553,6.9086692294944765,0.0,0.0,0.0,0.0,0.0,0.0,60.0,37.77356,-115.96199,"Non-REE Site range(0, 200)",Non-REE,0
